CCTTAGGCAACCTGGTGGTCCCCCGCTCCCGGGAGGTCACCATATTGATG,36572,1.251158892,No Hit
CCAGGCTGGAGTGCAGTGGCTATTCACAGGCGCGATCCCACTACTGATCA,32218,1.102204889,No Hit
CTCCGTTTCCGACCTGGGCCGGTTCACCCCTCCTTAGGCAACCTGGTGGT,28643,0.979901131,No Hit
GGGGTCTCGCTATGTTGCCCAGGCTGGAGTGCAGTGGCTATTCACAGGCG,23280,0.796428388,No Hit
GGGGTCTCGCTATGTTGCTCAGGCTGGAGTGCAGTGGCTATTCACAGGCG,17582,0.601495014,No Hit
GGCTGGAGTGCAGTGGCTATTCACAGGCGCGATCCCACTACTGATCAGCA,17523,0.599476574,No Hit
CCCCTCCTTAGGCAACCTGGTGGTCCCCCGCTCCCGGGAGGTCACCATAT,16848,0.576384256,No Hit
GTCTCGCTATGTTGCCCAGGCTGGAGTGCAGTGGCTATTCACAGGCGCGA,16720,0.572005268,No Hit
CTGGAGTCTTGGAAGCTTGACTACCCTACGTTCTCCTACAAATGGACCTT,14675,0.502044098,No Hit
CAGGCTGGAGTGCAGTGGCTATTCACAGGCGCGATCCCACTACTGATCAG,14649,0.501154616,No Hit
GGCCGGTTCACCCCTCCTTAGGCAACCTGGTGGTCCCCCGCTCCCGGGAG,13859,0.474128051,No Hit
CGGGGTCTCGCTATGTTGCCCAGGCTGGAGTGCAGTGGCTATTCACAGGC,13293,0.454764715,No Hit
CCTCCTTAGGCAACCTGGTGGTCCCCCGCTCCCGGGAGGTCACCATATTG,13187,0.451138366,No Hit
CCACAAATTATGCAGTCGAGTTTCCCACATTTGGGGAAATCGCAGGGGTC,12971,0.443748824,No Hit
GTGGCTATTCACAGGCGCGATCCCACTACTGATCAGCACGGGAGTTTTGA,12829,0.438890885,No Hit
GCTCCGTTTCCGACCTGGGCCGGTTCACCCCTCCTTAGGCAACCTGGTGG,12682,0.433861891,No Hit
CTTAGGCAACCTGGTGGTCCCCCGCTCCCGGGAGGTCACCATATTGATGC,12531,0.428696054,No Hit
GGAGTTTTGACCTGCTCCGTTTCCGACCTGGGCCGGTTCACCCCTCCTTA,12467,0.42650656,No Hit
CTCAGGCTGGAGTGCAGTGGCTATTCACAGGCGCGATCCCACTACTGATC,12168,0.416277518,No Hit
CCCTCCTTAGGCAACCTGGTGGTCCCCCGCTCCCGGGAGGTCACCATATT,12127,0.414874874,No Hit
GCCGAACTTAGTGCGGACACCCGATCGGCATAGCGCACTACAGCCCAGAA,12075,0.41309591,No Hit
GTCTCGCTATGTTGCTCAGGCTGGAGTGCAGTGGCTATTCACAGGCGCGA,10929,0.373890286,No Hit
GCTATTCACAGGCGCGATCCCACTACTGATCAGCACGGGAGTTTTGACCT,10553,0.361027009,No Hit
CTGCTCCGTTTCCGACCTGGGCCGGTTCACCCCTCCTTAGGCAACCTGGT,10545,0.360753323,No Hit
CCGTTTCCGACCTGGGCCGGTTCACCCCTCCTTAGGCAACCTGGTGGTCC,10490,0.358871726,No Hit
CTGGAGTGCAGTGGCTATTCACAGGCGCGATCCCACTACTGATCAGCACG,10074,0.344640016,No Hit
GCCCAGGCTGGAGTGCAGTGGCTATTCACAGGCGCGATCCCACTACTGAT,10045,0.343647902,No Hit
GGTCTCGCTATGTTGCCCAGGCTGGAGTGCAGTGGCTATTCACAGGCGCG,9863,0.337421529,No Hit
CGGGGTCTCGCTATGTTGCTCAGGCTGGAGTGCAGTGGCTATTCACAGGC,9819,0.335916252,No Hit
GTCTGGAGTCTTGGAAGCTTGACTACCCTACGTTCTCCTACAAATGGACC,9314,0.318639777,No Hit
TGGCTATTCACAGGCGCGATCCCACTACTGATCAGCACGGGAGTTTTGAC,9225,0.315595012,No Hit
GCCGGTTCACCCCTCCTTAGGCAACCTGGTGGTCCCCCGCTCCCGGGAGG,9116,0.31186603,No Hit
CTCAGACCGCGTTCTCTCCCTCTCACTCCCCAATACGGAGAGAAGAACGA,8965,0.306700193,No Hit
GCTCAGGCTGGAGTGCAGTGGCTATTCACAGGCGCGATCCCACTACTGAT,8757,0.299584338,No Hit
CTCCTTAGGCAACCTGGTGGTCCCCCGCTCCCGGGAGGTCACCATATTGA,8750,0.299344862,No Hit
GGCTATTCACAGGCGCGATCCCACTACTGATCAGCACGGGAGTTTTGACC,8629,0.295205351,No Hit
CCCCACTACCACAAATTATGCAGTCGAGTTTCCCACATTTGGGGAAATCG,8010,0.27402884,No Hit
CTCGCTATGTTGCCCAGGCTGGAGTGCAGTGGCTATTCACAGGCGCGATC,8007,0.273926207,No Hit
GGGAGTTTTGACCTGCTCCGTTTCCGACCTGGGCCGGTTCACCCCTCCTT,7727,0.264347172,No Hit
CACAAATTATGCAGTCGAGTTTCCCACATTTGGGGAAATCGCAGGGGTCA,7692,0.263149792,No Hit
CGCTATGTTGCCCAGGCTGGAGTGCAGTGGCTATTCACAGGCGCGATCCC,7199,0.246283847,No Hit
GTCGAGTTTCCCACATTTGGGGAAATCGCAGGGGTCAGCACATCCGGAGT,6978,0.238723251,No Hit
CTCGCTATGTTGCTCAGGCTGGAGTGCAGTGGCTATTCACAGGCGCGATC,6962,0.238175878,No Hit
GTTGCCCAGGCTGGAGTGCAGTGGCTATTCACAGGCGCGATCCCACTACT,6900,0.236054806,No Hit
GTTGCTCAGGCTGGAGTGCAGTGGCTATTCACAGGCGCGATCCCACTACT,6824,0.233454782,No Hit
GGTCTCGCTATGTTGCTCAGGCTGGAGTGCAGTGGCTATTCACAGGCGCG,6733,0.230341595,No Hit
CCCAGGCTGGAGTGCAGTGGCTATTCACAGGCGCGATCCCACTACTGATC,6707,0.229452113,No Hit
GTCAAGTGAAGCAGTGGGAGTGGAGAAGGAACAAAGAAATCTGTAACTGG,6642,0.227228409,No Hit
GCTGGAGTGCAGTGGCTATTCACAGGCGCGATCCCACTACTGATCAGCAC,6578,0.225038915,No Hit
GTTTCCGACCTGGGCCGGTTCACCCCTCCTTAGGCAACCTGGTGGTCCCC,6371,0.217957271,No Hit
CACCATATTGATGCCGAACTTAGTGCGGACACCCGATCGGCATAGCGCAC,6014,0.205744,No Hit
ACGGGGTCTCGCTATGTTGCCCAGGCTGGAGTGCAGTGGCTATTCACAGG,5899,0.201809754,No Hit
GGCTAGTCAAGTGAAGCAGTGGGAGTGGAGAAGGAACAAAGAAATCTGTA,5824,0.19924394,No Hit
ATTCACAGGCGCGATCCCACTACTGATCAGCACGGGAGTTTTGACCTGCT,5560,0.190212278,No Hit
GACGGGGTCTCGCTATGTTGCCCAGGCTGGAGTGCAGTGGCTATTCACAG,5449,0.186414875,No Hit
CTATTCACAGGCGCGATCCCACTACTGATCAGCACGGGAGTTTTGACCTG,5208,0.178170062,No Hit
CCCCGCTCCCGGGAGGTCACCATATTGATGCCGAACTTAGTGCGGACACC,5110,0.1748174,No Hit
GGATGTGTCTGGAGTCTTGGAAGCTTGACTACCCTACGTTCTCCTACAAA,5048,0.172696327,No Hit
GGGTCTCGCTATGTTGCCCAGGCTGGAGTGCAGTGGCTATTCACAGGCGC,5041,0.172456852,No Hit
TCCGTTTCCGACCTGGGCCGGTTCACCCCTCCTTAGGCAACCTGGTGGTC,5006,0.171259472,No Hit
CGGGAGTTTTGACCTGCTCCGTTTCCGACCTGGGCCGGTTCACCCCTCCT,4992,0.17078052,No Hit
ACCTGCTCCGTTTCCGACCTGGGCCGGTTCACCCCTCCTTAGGCAACCTG,4754,0.16263834,No Hit
CCCACTACCACAAATTATGCAGTCGAGTTTCCCACATTTGGGGAAATCGC,4702,0.160859376,No Hit
ACCATATTGATGCCGAACTTAGTGCGGACACCCGATCGGCATAGCGCACT,4574,0.156480389,No Hit
ACGGGGTCTCGCTATGTTGCTCAGGCTGGAGTGCAGTGGCTATTCACAGG,4478,0.153196148,No Hit
CCGGTTCACCCCTCCTTAGGCAACCTGGTGGTCCCCCGCTCCCGGGAGGT,4432,0.151622449,No Hit
AGTCAAGTGAAGCAGTGGGAGTGGAGAAGGAACAAAGAAATCTGTAACTG,4167,0.142556576,No Hit
CGGGAGGTCACCATATTGATGCCGAACTTAGTGCGGACACCCGATCGGCA,4098,0.140196028,No Hit
CCGGGAGGTCACCATATTGATGCCGAACTTAGTGCGGACACCCGATCGGC,4095,0.140093396,No Hit
GACGGGGTCTCGCTATGTTGCTCAGGCTGGAGTGCAGTGGCTATTCACAG,3928,0.134380185,No Hit
GGGTCTCGCTATGTTGCTCAGGCTGGAGTGCAGTGGCTATTCACAGGCGC,3811,0.130377517,No Hit
GTCTGTTCCAAGCTCCGGCAAAGGAGGCATCCGCCGGGCCCCTCCCCGAA,3758,0.128564342,No Hit
GGCAACCTGGTGGTCCCCCGCTCCCGGGAGGTCACCATATTGATGCCGAA,3721,0.127298541,No Hit
TCAGGCTGGAGTGCAGTGGCTATTCACAGGCGCGATCCCACTACTGATCA,3647,0.124766939,No Hit
CCTGCTCCGTTTCCGACCTGGGCCGGTTCACCCCTCCTTAGGCAACCTGG,3641,0.124561674,No Hit
CTGGTGGTCCCCCGCTCCCGGGAGGTCACCATATTGATGCCGAACTTAGT,3629,0.124151143,No Hit
CTCATTTGGATGTGTCTGGAGTCTTGGAAGCTTGACTACCCTACGTTCTC,3505,0.119908999,No Hit
TCTCGCTATGTTGCCCAGGCTGGAGTGCAGTGGCTATTCACAGGCGCGAT,3382,0.115701066,No Hit
